date,rating,title,review
2025-07-23T15:20:04.000Z,5,I have found Mendi to be exceptionally‚Ä¶,I have found Mendi to be exceptionally beneficial in managing my focus and anxiety. The product itself is user friendly and highly effective. The customer service provided has been excellent whenever I've required assistance. I highly recommend that individuals consider incorporating this into their routine for a few months to experience its potential impact. This is not a fake review! Lol
2025-07-22T21:45:02.000Z,2,"The price keep going up in the last 3 days. It's over $1,000 now. Unaffordable","The price is going up in the last 3 days from the 19th till the 22nd. It's gone up to over $1,000. Very unaffordable even though it seems like a wise choice. Maybe it's an algorithm that keep running that up. Can you help me? Thank you very much"
2025-03-29T14:50:06.000Z,1,If you return the product they will ghost you and lie.,"Tried the product for 3 weeks and did not notice any change to focus, mood, behavior. Decided to return it. We followed all the steps requested including making sure all original items were included in the return (including paper instructions). It was received by mendi on 2/12/2025 and as of 3/28/2025 they are denying the refund stating ‚Äúmerchandise not received.‚Äù we have started a dispute with our credit card company and emailed the customer service rep our shipping, tracking and delivery confirmation and they are not responding to me or our credit card provider. Bad business. Do not recommend."
2025-03-28T19:13:48.000Z,5,Great product positive direction,"I was a little skeptical about this product. Especially ordering it from overseas. But I put positive energy into it and decided to trust the process. I have used the mendi at least once every single day after receiving it. At first I was a frustrated because I was getting mixed results. I stuck with it, and kept going. After a few weeks I started getting in the zone. And I have seen and felt massive improvements in focus, emotional awareness and cognitive clarity.
The staff responds quickly and are courteous. Robert was receptive to my request and mentioned that he would pass it along to the correct department. This is a great product it has helped me with my meditation. I believe this will elevate me and anyone willing to stick with it, to the next level. Thank you Mendi team. I am looking forward to more positive options when describing the feelings. Positive people live healthier lives!"
2025-03-18T21:04:20.000Z,5,Mendi device - Truly Impressive!,"I have been using the Mendi device for about 2.5 years now, and I have to say‚Äîit is truly impressive! I first discovered Mendi as a backer on Kickstarter, intrigued by the idea of making neurofeedback training accessible for home use. Since incorporating it into my routine, I‚Äôve noticed significant improvements in my focus and cognitive endurance. The real-time feedback feature is especially valuable, providing clear guidance on optimizing training for better results. Additionally, the gamified approach keeps sessions engaging, making it an effective and enjoyable tool.

I‚Äôm excited to continue using Mendi to further enhance my focus and mental well-being. My coworkers at the hospital have also taken a keen interest in it. In such a high-stress environment, they appreciate how easy it is to use and how it helps them feel more focused and relaxed. The real-time neurofeedback and interactive training make it both engaging and effective, and many of them are already noticing improvements in their concentration and mental clarity. It‚Äôs become a fun yet valuable tool during our breaks."
2025-03-10T11:28:59.000Z,5,Realist and excellent product,"Excellent product. Be warned, this takes persistance in the first three to four weeks. Benefits are slowly accumulated, there's no ""placebo"" hit at all and you'd be forgiven for thinking nothing is happening. Trawl the Facebook group and videos for tips to help.

Effects, for me: after use, all day focus in a complex job, mood uplift, greater fluency when writing.

Don'r focus on scores as long as you, on average, make the score higher at the end than at the start. It is NOT like a game where you get better over time giving higher scores, not the percentage ones at least. Even my poor score days give me the benefits I'm after.

I started last June 2024."
2025-03-10T10:49:02.000Z,2,Started at 62 for the score,"Started at 62 for the score, after a couple weeks the score went to 92. But found if I just put my fingers on the headband and didn‚Äôt even watch the ball my score is still 90. Was not overly impressed with this."
2025-02-07T16:17:11.000Z,1,not working!,"hi folks!

i live in the EU and firstly their shipment is pretty long, that is maybe no an issue, but i guess mendi not checking the device before sending, simply their device is not working! as easy like that, cannot connect to any of my devices from phone to pc laptop and etc. thendo not say why to buy from China! yea at least their stuffs are working tho!"
2025-02-01T05:45:35.000Z,5,Impeccable Customer Service,"For various reasons, was only able to use the product a few times during the 30 day return window. This may be why I didn‚Äôt feel much effect. I decided to return it, and was very pleasantly surprised by the impeccable customer service that made the return so easy, and the refund to my account so timely. I could well try again some time and give it more of a fair trial."
2025-01-09T20:41:14.000Z,3,I deeply regret buying this,"Update: After consideration, I'm adding 2 stars. The product is still 1 star in my book, but I think the company is generally trying to do good business, they are just really bad at it, in my opinion.

Update: I still regret this purchase and the whole rigermarole of return has been a joke. That said, the company did contact me and I did get the full refund. The shipping label cost was not deducted, so they did pay the return shipping, which is a big deal. It is confusing because they say you are responsible for shipping costs in some parts so it was unclear, but they did cover the cost. They also asked that I clarify that customer service did respond to inquiries for return, which is true, however, I stand by my statement that I emailed someone outside CS (who had sent an email after my order) when it was over a week late, and I received no response. I still can't recommend the product or company. But in mind they went from a -3 to a 1 star for at least responding to my concerns and getting my refund processed.

Original: I deeply regret buying this. It didn't work as advertised (small example, the ball actually goes higher almost everyone every time some one starts taking to the user, distracting them, supposedly indication of better focus). The app was glitchy and didn't work correctly (or completely froze) half the time. It came late so wasn't on time for a Christmas present and I got no response from the company. Returning in the 30 day period is insanely difficult, customer non responsive, and then, salt in the wound, I have to pay to ship it Estonia which will be extremely expensive. I suspect the positive reviews are all fakes. Buyer beware!!"
2024-12-06T08:27:14.000Z,5,I've been using the device for over 3 months,"I've been using the device for over three months now and have noticed significant improvements in focus and mindfulness.

My three kids also enjoy the sessions and are highly motivated to use it regularly. The device offers great value, a simple interface, and measurable results.

I would highly recommend it to anyone looking for an affordable yet effective solution to enhance concentration and overall mental health.

Additionally, the support team was amazing‚Äîquick, accurate, and genuinely helpful.

Great work! Thank you."
2024-11-12T11:30:50.000Z,5,I really love using my Mendi!,"I really love using my Mendi and can say it has made a positive impact on my day to day!

I've been using it for about three years. I tend to have good streaks lasting about a month, and then I take a small pause, and come back to it again for another month. Mendi has definitely helped me strengthen my ""focus muscle"". I feel very fortunate to have come across this technology. Thank you, Mendi team!"
2024-09-30T11:21:09.000Z,1,Cheap fake headset duped into paying a‚Ä¶,"Cheap fake headset duped into paying a fortune for a device that is just basically a headset with a red light and a bogus score based on concentrating on watching a ball move across the screen.
I am guessing the company paid a lot for suspect reviews.
How it can detect brainwaves is a complete mystery, the red light is certainly not a sensor it works without being placed on the head and just laid on a table.
Maybe this should be aimed at young children as opposed to people who wish to improve their focus and sleep.
4 different people in my family tested this device and guess what we all achieved a score of 62% focus, the odds of this happening is impossible!
It is very disappointing that this device is being aimed at people who are ill with symptoms of ADHD & PTSD etc, when in reality it is just a cheap toy. Making money out of sick people is shocking."
2024-08-27T20:45:03.000Z,5,An Accessible and Promising Solution in Real-Time Neuro-Feedback and Brain Training,"As a specialist in Mental Health, Psychotherapy, Psycho-Sexology, and Sexology, I have both the interest and the ethical obligation to stay informed about new technologies that influence people‚Äôs lives, whether they have a positive or negative impact. It's especially crucial to remain updated on innovations that can contribute to health and overall well-being.

Real-time Neuro-Feedback and Brain Training technologies are generally quite expensive, sometimes even prohibitively so. In this context, Mendi stands out by offering an accessible solution with an excellent price-to-quality ratio, making it the most affordable device of this type that I have encountered so far.

I have been testing the Mendi device for over two months, and the results have been very promising. In my approach, I always start with thorough research, followed by personal testing, and then applying it to larger groups. So far, Mendi has pleasantly surprised me with its ease of use and the consistency of results achieved with regular training.

We live in an era where technology plays a central role in our lives and evolves extremely rapidly, often in ways we do not fully recognize, and sometimes not at all. Real-time Neuro-Feedback and Brain Training devices have already become a less recognized necessity because there are many negative factors in our technological environment that can affect mental and cognitive health. Mendi offers an effective way to train the brain and harness neuroplasticity to counteract these negative influences, similar to how we care about exercise and nutrition to maintain a healthy and fulfilling life.

Another aspect that deeply impressed me was my interaction with the Mendi Team. In a field where communication with manufacturers is often difficult, I was surprised by their warmth, kindness, and extraordinary availability. The Mendi team was incredibly responsive and prompt in addressing all my requests, and this human openness and attention to detail make me appreciate that I have encountered an exceptional, passionate, and dedicated team. This gives me confidence in a beautiful, beneficial, and lasting collaboration. Honestly, when I meet such people, I feel blessed, and I am confident that the future is in good hands."
2024-08-25T00:32:57.000Z,5,I‚Äôve used Mendi to help restore memory‚Ä¶,"I‚Äôve used Mendi to help restore memory loss from long COVID and for PTSD and depression.

Before I tried TMS that seemed miraculous in that I felt like I was waking up but had another covid infection that took me back to pre TMS status. My husband and I both did another 7week, 5 days week TMS round about a year later and gained nothing from it. TMS was also very expensive even with insurance.

Saw a piece on the Mendi unit on TV used on a child for ADHD and how well it worked for him and he‚Äôs now off ADHD meds. Mendi also states it helps heal
The damaged neuropathways same as TMS. I researched online on several different sites for neuro feedback and found it was also in trials for PTSD and depression so my husband bought one (we can both use it). The app is free.

I have noticed a marked improvement in memory, both recall and long term memory issues. I‚Äôm calmer and can handle situations that would normally stress me out in a more rational way. My depression issues have improved but not disappeared. When I sleep, it‚Äôs deeper and more refreshing.

As an avid reader, Covid took my ability to concentrate and read a book without going over the last 10-20 pages several times so I just quit trying. After using Mendi for about a month I gave reading another try and finished an entire book without having to reread anything and still remember what I read even after 2 months! I‚Äôm also a musician (I play at it) and an aspiring artist but have had no desire to engage at all. I‚Äôm starting to feel like I want to get back into both.

I‚Äôve been using Mendi every day, sometime twice a day for 75 days as of August 24, 2024. I will continue to use it daily as a boost for my brain health.

It‚Äôs been worth the experiment for me!"
2024-09-11T00:57:09.000Z,5,I did it every morning for months,"I did it every morning for months. I got it to help me relax and work on my meditation.

The music and graphics are wonderfully done. The linking articles are interesting and well worth reading.
The device is well packaged and easy to operate.

One morning while operating the device, I could sense beautiful energy beings in my space and my brain activity soured. I got the ""crown"" and high score. This was proof for me that the device can work. I'm guessing, everyone must be different in their experiences."
2024-08-09T04:17:04.000Z,5,I want to follow up with a complaint I‚Ä¶,I want to follow up with a complaint I made a few days ago. The customer service people got in touch immediately and resolved the issue. I was quick to criticize without contacting them directly.
2024-07-15T14:23:28.000Z,5,Traumatic Brain Injury Survivor‚Ä¶ I‚Ä¶,Traumatic Brain Injury Survivor‚Ä¶ I would like to try this to further my recovery. Please respond. Do you take CalOptima MediCal? Thanks in advance.
2024-06-29T19:49:10.000Z,5,"I started using Mendi August 11,2022","I started using Mendi August 11,2022 , because I was going through a lot of stress, and high blood pressure during school and I was taking oral medication , which helped ,but have lots of side effect, also from time to time I have racing thoughts going through my mind, I saw an advertisement on Facebook about this device and was skeptical , but decided to checked it out, and I bought one and received it 08/11/2022 and that was the best decision that I made ,now I seem to can't live without my Mendi's , whenever I use it I find myself more focus and alert and my blood pressure to be in better shape after I use it, now I no longer take medication for stress I just use my Mendi's, however in June of this year 2024 my Mendi broke ,I reached out to the company and to my surprised they sent me a new Mendi without charging me anything. This is unheard of. Thank you Robert for your kindness."
2024-06-06T03:55:05.000Z,5,Honorable Fair Customer Service,"Honorable Fair Customer Service
I experienced some trouble with my mendi device. I was a little cynical expecting them to run me through a complicated refurbishment and application process like majority of companies. They did ask me some questions to see what the problem was,but after that it was very easy to get the problem fixed. They responded quickly, acted quickly, and the process was simple. Mendi is a great company."
2024-04-09T12:55:15.000Z,5,Best customer service in years!,I‚Äôm grateful to share an amazing experience I‚Äôve had with Mendi customer service and overall commitment to customers. Upon receiving my Mendi it wasn‚Äôt 2 hours later my puppy decided to ruin it. I reached out to Mendi and they kindly sent me a new device. I honestly wasn‚Äôt expecting anything but thought I‚Äôd ask just in case. When it arrived at my doorstep I was floored. This type of customer service is non existent anymore. It tells me they care about users as well as their product. My autistic son loves the device and uses it frequently. Thank you Mendi!
2024-03-28T21:13:37.000Z,5,My son loves his Mendi,"My son loves his Mendi. He looks forward to using it everyday. Considering he normally has trouble staying focused on tasks, I‚Äôm pleased to see him so excited about it. There were some issues with the product and the customer service department handled it promptly and efficiently. I would def recommend to any parent who‚Äôs child struggles with focusing."
2024-03-14T10:23:17.000Z,5,Love my mendi,"Mendi has been a game-changer for me.
i usually do a session before my language course, a 10- minuter feels like chugging a virtual coffee.
Dr Rall‚Äôs guides on youtube have been very helpful as well
thank you for making this tech accessible!"
2024-03-13T03:46:03.000Z,1,It's not Real,"My review is about how, unfortunately, the product does not work.
I know it's a disappointment.
I will say it DOES work in the sense it gets you to try and practice focusing, which I guess IS the objective, even if the matter in which they're doing it is false.

So with the Mendi headset the way to manipulate you score is scrunch your brow (like when mad) OR looking up vs down at any given time (you don't need to shake your head).
Whenever you look up your score will be low... whenever you look down your score will be sky high.

I think what this device measures IS blood flow to your brain (frontal cortex), BUT how much you lean forward is how much ""blood"" is there.

Picturing being hung upside down.. you can really feel where the blood is going to your head (and probably Mendi would tell you you're brain capacity is beyond 100%).

Lastly, your score for how you're improving factors heavily into how OFTEN you use it (your streak and what day you are on). So, are you REALLY getting better just because you're using it more often?
I'd argue someone with a great score, using a new account, would have a bad score because the game is just rewarding you being disciplined and showing up.

I am sorry to be the one to let you down.
I wish I could post a picture showing you my findings but Trust Pilot does not offer this feature.

Some positives is the music is good, visuals are good, concept it GREAT.

...But it's all fake."
2024-01-18T05:45:49.000Z,5,Recommended by MLB Psychologists,"This product was recommended to me by a, mlb, psychologist to help with focus and neuro feedback.

Customer service is incredibly helpful and truly cares about their clients. I highly recommended to others who are interested in brain health."
2023-12-13T05:17:00.000Z,5,me and my mendi-keeps me smartü§©,"i am 88and have been using my mendi headband for about five years. It started with a slight time lag in word retrieval.
But i know all the other effects of mild
cognitive impairment are waiting in the wings and i didn't want any of them. So
far using mendi sporadically has kept
my mind working well. When i feel anything start to slow down I use the mendi daily and it gets back to normal-or even gets better than normal! i absolutely love it and recommend it to people all the time."
2023-12-18T19:58:33.000Z,4,Customer service is excellent and‚Ä¶,"Customer service is excellent and diligent in making sure you get proper help. As for the game, it can get a bit boring but what exercise doesn't? It's good training for your brain. However, there seems to be a bug with android devices where the sessions aren't being logged properly. If not for that issue, I'd give them 4 or 5 stars since it's a good experience. But as of right now, I can't give them higher than 2 stars since not being able to log your sessions defeats a lot of the purpose with the training.

Edit 2023-12-18: The issue seems to have been resolved on the beta version of the app which I'm using, and they have also been regularly updating other bugs that are occurring. But I'm still not sure if the bug has been resolved on the public version of the app. But since it's no longer affecting me and my personal experience, I will change it to 4 stars. I think for me to give it 5 stars, I'd like to see some more variety on games as opposed to just having a single game to play."
2023-11-29T09:43:03.000Z,1,Useless without a functional Android phone app,"I am very disappointed with the Mendi headband due to the malfunctioning app. It was good for a while but the app has been malfunctioning for more than 2 months, and as a result, it does not provide a score after completing a practice session. This means that there is no way to track my progress, and the headband is completely useless without the app. I have contacted the developer team, but they have not been able to fix the problem. I am very disappointed with this product and would not recommend it to anyone until the app is fixed."
2023-11-30T15:33:59.000Z,5,Life Changing,"I have being using the device for just over a week and I'm starting to feel more awake and focused with a greater sense of control and calmness
I am delighted with this piece of tech"
2023-10-07T19:35:26.000Z,5,Better stress management skills,"As a menopausal woman with children in puberty our house sometimes started to feel like a stressful/loud/chaotic place. Having used Mendi almost daily for about a month, I have noticed that other people‚Äôs emotions don‚Äôt affect me as much as before. This helps enormously with keeping home- and work life more balanced and calm. I also feel like I am more in control of my boundaries and better able to say ‚Äòno‚Äô without feeling stressed about it. I see this tool like ‚Äòmeditation on rocket fuel‚Äô. Very easy daily 10min practice for (in my opinion) a big result. Definitely worth my money."
2023-08-31T20:26:15.000Z,1,Fraudulent device,"I turned it on and started a session. I placed the headband on the counter. The ball goes up and down as if I had it on. That should be impossible, how could it record brain activity when I don‚Äôt even have it on????"
2023-08-26T21:01:41.000Z,2,Fake reviews,"Fake reviews! C‚Äômon Mendi, if you are going to write the fake reviews, don‚Äôt make them cheesy and obvious that you are writing them! This is plastic headband that does nothing but make you think it works"
2023-07-15T22:14:03.000Z,5,Focus plus other benefits,"Mendi is a wonderfully helpful tool to enhance focus, and a number of other mental functions and skills. As with any improvement, consistent practice is critical. Once you get into the routine of spending even a daily 5 minutes using the Mendi, the results do begin to show up. No doubt, they are a little different for each person, but reading the comments from others, and comparing that to my own experience, one of the key benefits is greater ease and quality in one's focus. That by itself has lots of ""spill over"" benefits to other parts of your life. Also, I have found the Mendi team to be very customer focused. Keep enhancing this excellent tool!"
2023-07-08T17:18:00.000Z,5,I love Mendi,"I love Mendi! It's a remarkable technology, and I also love the story behind why CEO Moha Bensofia invested in it after healing from PTSD by using it. It drew me in, but I also muscle tested myself for it, and I considered many other products out there. After 8 days of Mendi utilization, I can feel the changes in my brain -- better focus, better breathing, better life.

I've only begun to experience the benefits, yet if I experienced no more, it was worth the relatively small cost. It'll be worth more and more as I go, so if you're considering buying it, just do it!

Whether you have done traditional neurofeedback or not, this is a pivotal tool. You can do it daily (or even multiple times a day), and you can experiment with variables (supplementation, meditation practices, time of day usage, etc) too maximize the effectiveness of the sessions. This is hard to do when you're going to a center/storefront for neurofeedback. It doesn't replace it, but it's a wonderful tool."
2023-06-02T14:01:24.000Z,5,A great product with great people behind it,"The gadget is very effective yet simple to set up and use right away. More importantly, the after-sales support from the communication and community team is fantastic. Robert Rtveliashvili took time to patiently explain in detail the best way to use Mendi and also recommended useful resources for further exploration. Mendi is a winner not just because its a great product but there are also great people behind it - in creating the product and being with the users after its sold."
2023-05-02T10:06:49.000Z,5,I really recommend Mendi for anyone‚Ä¶,"I really recommend Mendi for anyone that‚Äôs struggling with anxiety, stress, migraine, or even when you feel your head heavy and full after after a long day. I‚Äôve been using Mendi for a week and I already can feel the difference on my ability to concentrate, stress relief and better mood. It‚Äôs incredible how it can just turn a stressful mind/mood into a better mood and light head in 15 minutes . I love it!"
2023-04-26T20:20:27.000Z,5,Mendi it‚Äôs awesome üòé,"Mendi is beyond any devices to help with neurofeedback. I‚Äôm on a 28 day streak with my headband and I feel many things are changing. For example how I react to different emotions and situations in a comer manner. Neuroplasticity is possible with Mendi because you get instant biofeedback with the Mendi device and the app. Easy to use and happy to have Mendi in my life. Another important detail, my 2 daughters and wife are also using Mendi."
2023-03-30T11:53:35.000Z,5,Helpful device for lifestyle improvement,"Very helpful device on the road towards better mental health. Not a one-stop solution, but great addition to a changed lifestyle to make life more calm and harmonic. I recommend everyone to try it for a couple of weeks and see if they get the same results as I have."
2023-03-29T18:49:43.000Z,5,Not just another device ü´∂,"Mendi helped me control my emotions, and deal with anxiety, as well as significantly reduced my level of stress. I noticed a change already after 4 weeks of using it on a daily basis. At this point, after 8 months, I consider myself a pro user üòé
I strongly recommend daily usage and experimenting with times and the length of training in order to find the best solution for yourself.
My training routine is 15 min every morning within 30 min of being awake and before coffee.
Try it out - the worst thing that can happen to you is that you trusted a lady that wrote a killer review üòÅ"
2023-03-28T22:32:51.000Z,1,Really just a fraudulent device,"Really just a fraudulent device. A student brought this into our lab and we pieced the hardware and data apart. Cheap Chinese tech from decades ago with nothing really to say about your brain. Mendi is not a headset company they are a marketing company for getting people to buy this stuff and show them nonsensical graphs regarding brain blood flow.
Classic placebo marketing making a quick buck! Many have and will do the same I'm sure."
2023-03-25T06:31:43.000Z,5,"Its great to go ""have I done my Mendi today?""","We only just got our Mendi a few days ago but its been a really fun way to enter the world of neural feedback.

My wife loves it and is already doing really well.

It's early days yet and I'll update after using it for the 28 days to get my benchmarks"
2023-03-25T06:13:53.000Z,5,It's been less than a week & I have‚Ä¶,"It's been less than a week & I have already noticed a huge difference in my focus & ability to manage stress. I am someone who has had bad anxiety, difficulty focusing & trouble sleeping. Since using Mendi for the last few days I have already noticed a big difference over all! Excited to see my results continue!"
2023-03-24T12:43:31.000Z,5,I bought the Mendi device after hearing‚Ä¶,"I bought the Mendi device after hearing about it on Dave Asprey's podcast and I really love it - Great device!

I'm honestly blown away how much more focused I am and how I don't get distracted as easy as before. Will continue to use it every single day!"
2023-03-22T22:49:50.000Z,5,"Great company, customer service A+","Great company, super helpful when I needed assistance with my order. Quick to reply and very helpful. Product is great too."
2023-03-22T12:08:58.000Z,2,Doubtful if it works - broken after 11 weeks,"The good stuff:
Mendi is a nicely design product, and the whole ecommerce experienced worked very well. The app in itself is pretty nice, and the ""game"" is very well designed which makes it kind of fun to play.

My doubts:
I was quite invested in trying out the product but I couldn't help but wondering if it actually has any effect. It says in the app that you should experience some effect after 6-8 weeks. I used the product 3-5 times per week for 11 consecutive weeks but I can't say that I experienced any effect. It does measure something, that much I can say, but I'm not sure that the ""exercise"" actually has any effect. I did become better at the game in the first weeks, but then it pretty quickly levelled out, and I didn't experience any other effect. If the device didn't break down (more in next paragraph) I would probably keep using it for a while longer to see if there would be any effect, but at this point in time I would not recommend it to a friend.

The bad stuff:
It loses connection quite a lot which is a bit annoying. It seemed to get worse over time.
What's worse, after 11 weeks, it stopped charging and is now completely dead. It has amazing battery time, so it was actually only the third or fourth time I charged it. I find this disappointing in terms of quality.

So all in all, a nice device that probably doesn't do anything, and even if it does, its quality is fair below par. Don't buy it! Instead, use the 10 minutes per day to meditate for free - you will have a much better effect."
2023-03-21T10:43:15.000Z,5,Amazing product and great customer‚Ä¶,"Amazing product and great customer service ü§©
I have been using Mendi for over a month now and it is already helping me with my focus and sleep. I feel less stressed after my usual workday. I checked out some brain health wearables available in the market, Mendi is my favorite, the device is so easy to use and carry. And most importantly, it works."
2023-03-21T10:08:03.000Z,5,Great device,"Great device! I was skeptical at the beginning but after 8 weeks (exactly as stated in the manual) of everyday use and learning about Neurofeedback - I can admit that it works for me! Now it's hard to imagine life without those 10 minutes in the morning that makes me focused and productive every day. Great job Mendi! Looking forward to new features, devices, and discoveries in brain health!"
2023-03-21T09:47:34.000Z,5,Increased focus,"LO
Lollo
ES
‚Ä¢
1 review
Mar 21, 2023
Increased focus
Date of experience: March 21, 2023
Useful
1
Share"
2023-03-21T09:43:47.000Z,5,My focus is so much better and I feel‚Ä¶,My focus is so much better and I feel more balanced
2023-03-20T16:55:53.000Z,5,Great wearable neurotech device!,I knew neurofeedback has been shown in numerous studies to help with conditions such as anxiety and depression. After buying Mendi and following their recommended regime it has really helped me immeasurably to curb the intensity of my anxiety before sleep. I am excited about the product and the features that are promised!
2023-03-20T16:27:28.000Z,5,Amazing product and support,"EV
Eva
ES
‚Ä¢
2 reviews
Mar 20, 2023
Amazing product and support
Date of experience: March 16, 2023
Useful
2
Share"
2023-03-20T15:53:36.000Z,5,Mendi is an excellent tool,"Mendi is an excellent tool! I have tried many different types of EEG/braintech/neurotech but Mendi is my favorite. For example, I still use Muse but I must say Mendi i one (or two) steps better when to creating a relaxation and increased focus. Especially, having ADHD I have great help from using Mendi. Highly recommend to use it."
2023-03-10T15:40:40.000Z,5,Positive effect on my focus‚Ä¶,"Have seen a positive effect on my focus both at work and at home after only 4 months with Mendi. Professional app with good construction and clear instructions. Nice customer service with quick responses. Very worth the money, Recommend!"
2023-03-10T11:41:17.000Z,2,The app is poorly thought out,"The app is poorly thought out. I've had mendi for two years and it's gotten worse. Nothing has improved. There are no new paths, just the usual ball rolling with the same music. If you want to consult the diary, the journal numbers overlap the words. The outline is obnoxious, resulting in a chaotic page with information that overlaps each other. Only the learning section is very accurate. Personally, after 6 months of use, I could only see a plateau in the device's effectiveness. Better than nothing, but it is not miraculous."
2023-03-01T05:55:40.000Z,5,I stand by Mendi 100%,"Pros
I can stand by mendi 100% after a few days of using it I can feel different parts of my brain (specifically left prefrontal cortex at this stage). And im learning how to concentrate - I can feel my brain processing or learning and trying while its happening. In the app I indicated my mood felt better after a few sessions and looking up part of the brain region and it has to do with positive emotions. And something in my brain clicked and I just felt better and thought much lighter of a situation that was drama free.

I compared them across several devices and they have cognitive Enhancement via focusing and other brain health benefits. Won't go for muse, returned apollo, it just vibrates will also get omniperf because it sends frequencies. And 100% keep mendi!

It also has a guest feature so I was sharing it with my brother.

Cons
- customer service didn't get back to me on an inquiry before I bought it.
- duty fees to Canada was $50 or $75 but I read reviews and was prepared for it.

Advice use paypal in case you need help with your order otherwise the device will arrive with duty fees to pay and its worth it!

P.s. this review was not invited. Their CRM is not updated yet after buying I got an email with a discount to purchase it."
2023-01-24T05:52:30.000Z,5,Amazing results,"Note that I ordered the product from the US and had no need to try to return it so did not run into any of those issues. I have had the product right at a year, initially a few times a week and lately nearly every day (skip on Sundays a lot!). Initially I noticed improved creativity early on and that my mind was quieter - less cluttered. I later noticed after continued use I had vastly improved metacognition (thoughts about thoughts, essentially realizing what I am thinking at any given moment). This led to a recent breakthrough and subsequent newfound insight into long-term issues with anxiety that was leading to emotional thinking and reactivity as opposed to rational response in any given situation, especially one that was novel or anxiety provoking. I can now take any internal emotional ""temperature"" at any given moment (and remembering to do so!) and retain a state of calm with profoundly greater consistency.

Also for the first time I have been able to read rapidly without internal pronunciation of words. This was just discovered since I had fallen out of the habit of reading novels until just starting a course through work.

I have deep gratitude for what Mendi has done for me and how it has improved my quality of life."
2023-01-16T19:28:39.000Z,1,Watch out UK buyers,"I am not sure about the actual device but my experience has not been positive
I got a demanding letter from FedEx saying they wanted ¬£46.00 for delivery
I was shocked as Mendi say delivery is free
It turns out this charge is correct and somewhere there is something that tells you this. It would be more honest if they made it clear about this extra charge ( then I would not have ordered it).Customer service offered a partial refund of less than half of this but I am not happy. Not exactly free delivery in fact not at all free delivery"
2022-11-02T16:31:02.000Z,3,I cannot get a reply from this company,"I cannot get a reply from this company! I‚Äôve emailed the only email they have shown, at least 8 times in the last two weeks and still no reply. I am excited to try this Mendi device but I need to return this one I just received, as it is somewhat lopsided and doesn‚Äôt fit snug on one side of the forehead. I ordered another one- in hopes it will be symmetrical. But I need to return this and I‚Äôve been trying to get ahold of them for almost two weeks and soon it will be past the 30 day return period!!!!!!"
2022-08-23T22:03:36.000Z,5,Absolutely fundamental for me to‚Ä¶,"Absolutely fundamental for me to transform my health, both mental and physical after the tragic year of 2020. I was very sceptical of the promised benefits, but after consistent use of two weeks I FELT my ""third eye"" start to peak open. I have experienced all the promised benefits and it surpassed my expectations by a 100 miles. Can only be experienced first hand."
2022-08-12T06:22:15.000Z,5,A great device that truly improves your mind,"Biofeedback such as Mendi have evolved much thanks to better sensors. Unfortunately what programmers often forget is the user friendly aspect of a device. I have used other devices before Mendi and their worst feature was that the developer is often more concerned about collecting data for his company than provide the user with a friendly app. How can one concentrate or meditate if we are frustrated by that device? For a user like myself this is why I am now exclusively using Mendi and looking forward to my daily session. By user friendly I mean firstly the ease to connect, and more important, the ability to restart if we are not comfortable during calibration. Secondly if you decide to redo a session, the Mendi app will keep the best session. Last but not least the ease to contact a real person for support is very important. Users may take these features for granted but that it is not the case. These are the features that allow me to be relaxed when starting a gainful daily session with Mendi. I will recommend Mendi over any similar devices.
May I also suggest a fancy box for Mendi users?
A warm thank you to all the staff for a true masterpiece."
2022-07-29T20:08:23.000Z,4,It‚Äôs good but can improve,"It‚Äôs good but can improve. I do feel more focused and relaxed, but sometimes the App logs you out and I need to restart my phone in order to log-in again, otherwise it stays as guest. Also need more stability, sometimes when playing the game, the ball starts going up and down very fast, and yes, I do follow the instructions (no direct light, do not disturb mode, etc.). But overall experience, is really good, it did change my habits for good."
2022-07-17T15:35:41.000Z,3,"After usingI have noticed a little more relaxation and focus, but","After using it for two weeks I have noticed a little more relaxed and focused. I know there will be a lot of updates, but compared to other machines this does only one thing. Like( Neo Ryhtm) does a lot of different
things for what your trying to achieve,it's cheaper and they give you 2 months to try it."
2022-07-17T03:49:47.000Z,5,Highly recommend to anyone,"Great device for shaping the only tool you really have in life, your brain. I have used Mendi for well over a month now and I can say that once you pass the initial learning curve there are definitive benefits to this, I feel more relaxed and focused and seem to have better impulse control. It‚Äôs very similar to mindfulness where you focus on your breath for example, except you can see in real time if you are doing it right. The app is not perfect but the team behind it are often updating with new features and fixes."
2022-07-15T22:12:07.000Z,2,enjoyable but not effective,"I purchased this product because I have ADHD but am unable to get medication where I live. While I enjoy using the Mendi headset and playing the little game, it has yet to have any effect on my concentration, habits, or any of the other things it promises to improve."
2021-12-17T12:06:12.000Z,4,Good product! With margin of improvement!,"I love the product, and I can see improvement when I use it but I feel like right now since it's still on his early phase is not very precise and it lacks some features on the app. But I really believe in the product and the company! For me, it helped improve my focus so I can say I'm satisfied to be part of the early adopters!"
